DataId,SurveyId,Indicator,IsPreferred,Value,SDRID,Precision,RegionId,SurveyYearLabel,SurveyType,SurveyYear,IndicatorOrder,DHS_CountryCode,CILow,CountryName,IndicatorType,CharacteristicId,CharacteristicCategory,IndicatorId,CharacteristicOrder,CharacteristicLabel,ByVariableLabel,DenominatorUnweighted,DenominatorWeighted,CIHigh,IsTotal,ByVariableId,LevelRank,iso3,source
4976080,BF1993DHS,Women with no education,1,45.3,EDEDUCWNED,1,BFDHS1993374001,1993,DHS,1993,231203010,BF,,Burkina Faso,I,374001,Region,ED_EDUC_W_NED,1374001,Ouagadougou,,1599.0,777.0,,0,0,1,BFA,DHS
6238960,BF1993DHS,Women with no education,1,91.0,EDEDUCWNED,1,BFDHS1993374002,1993,DHS,1993,231203010,BF,,Burkina Faso,I,374002,Region,ED_EDUC_W_NED,1374002,North,,962.0,1152.0,,0,0,1,BFA,DHS
6584792,BF1993DHS,Women with no education,1,92.9,EDEDUCWNED,1,BFDHS1993374003,1993,DHS,1993,231203010,BF,,Burkina Faso,I,374003,Region,ED_EDUC_W_NED,1374003,East,,954.0,1213.0,,0,0,1,BFA,DHS
602144,BF1993DHS,Women with no education,1,80.5,EDEDUCWNED,1,BFDHS1993374004,1993,DHS,1993,231203010,BF,,Burkina Faso,I,374004,Region,ED_EDUC_W_NED,1374004,West,,1533.0,1549.0,,0,0,1,BFA,DHS
406479,BF1993DHS,Women with no education,1,89.6,EDEDUCWNED,1,BFDHS1993374005,1993,DHS,1993,231203010,BF,,Burkina Faso,I,374005,Region,ED_EDUC_W_NED,1374005,Central/South,,1306.0,1663.0,,0,0,1,BFA,DHS
3068725,BF1993DHS,Men with no education,1,35.6,EDEDUCMNED,1,BFDHS1993374001,1993,DHS,1993,231204140,BF,,Burkina Faso,I,374001,Region,ED_EDUC_M_NED,1374001,Ouagadougou,,427.0,200.0,,0,0,1,BFA,DHS
6492134,BF1993DHS,Men with no education,1,78.7,EDEDUCMNED,1,BFDHS1993374002,1993,DHS,1993,231204140,BF,,Burkina Faso,I,374002,Region,ED_EDUC_M_NED,1374002,North,,175.0,206.0,,0,0,1,BFA,DHS
1408806,BF1993DHS,Men with no education,1,85.3,EDEDUCMNED,1,BFDHS1993374003,1993,DHS,1993,231204140,BF,,Burkina Faso,I,374003,Region,ED_EDUC_M_NED,1374003,East,,175.0,214.0,,0,0,1,BFA,DHS
7110762,BF1993DHS,Men with no education,1,70.8,EDEDUCMNED,1,BFDHS1993374004,1993,DHS,1993,231204140,BF,,Burkina Faso,I,374004,Region,ED_EDUC_M_NED,1374004,West,,341.0,346.0,,0,0,1,BFA,DHS
3290534,BF1993DHS,Men with no education,1,76.7,EDEDUCMNED,1,BFDHS1993374005,1993,DHS,1993,231204140,BF,,Burkina Faso,I,374005,Region,ED_EDUC_M_NED,1374005,Central/South,,244.0,287.0,,0,0,1,BFA,DHS
6641282,BF1999DHS,Women with no education,1,41.3,EDEDUCWNED,1,BFDHS1999374001,1998-99,DHS,1999,231203010,BF,,Burkina Faso,I,374001,Region,ED_EDUC_W_NED,1374001,Ouagadougou,,963.0,544.0,,0,0,1,BFA,DHS
5792026,BF1999DHS,Women with no education,1,88.6,EDEDUCWNED,1,BFDHS1999374002,1998-99,DHS,1999,231203010,BF,,Burkina Faso,I,374002,Region,ED_EDUC_W_NED,1374002,North,,847.0,904.0,,0,0,1,BFA,DHS
5498953,BF1999DHS,Women with no education,1,91.9,EDEDUCWNED,1,BFDHS1999374003,1998-99,DHS,1999,231203010,BF,,Burkina Faso,I,374003,Region,ED_EDUC_W_NED,1374003,East,,1588.0,1761.0,,0,0,1,BFA,DHS
3297692,BF1999DHS,Women with no education,1,86.2,EDEDUCWNED,1,BFDHS1999374004,1998-99,DHS,1999,231203010,BF,,Burkina Faso,I,374004,Region,ED_EDUC_W_NED,1374004,West,,1453.0,1489.0,,0,0,1,BFA,DHS
2670301,BF1999DHS,Women with no education,1,91.7,EDEDUCWNED,1,BFDHS1999374005,1998-99,DHS,1999,231203010,BF,,Burkina Faso,I,374005,Region,ED_EDUC_W_NED,1374005,Central/South,,1594.0,1748.0,,0,0,1,BFA,DHS
1408830,BF1999DHS,Men with no education,1,30.4,EDEDUCMNED,1,BFDHS1999374001,1998-99,DHS,1999,231204140,BF,,Burkina Faso,I,374001,Region,ED_EDUC_M_NED,1374001,Ouagadougou,,431.0,280.0,,0,0,1,BFA,DHS
5716523,BF1999DHS,Men with no education,1,73.8,EDEDUCMNED,1,BFDHS1999374002,1998-99,DHS,1999,231204140,BF,,Burkina Faso,I,374002,Region,ED_EDUC_M_NED,1374002,North,,307.0,330.0,,0,0,1,BFA,DHS
1417108,BF1999DHS,Men with no education,1,76.4,EDEDUCMNED,1,BFDHS1999374003,1998-99,DHS,1999,231204140,BF,,Burkina Faso,I,374003,Region,ED_EDUC_M_NED,1374003,East,,580.0,637.0,,0,0,1,BFA,DHS
7101764,BF1999DHS,Men with no education,1,74.2,EDEDUCMNED,1,BFDHS1999374004,1998-99,DHS,1999,231204140,BF,,Burkina Faso,I,374004,Region,ED_EDUC_M_NED,1374004,West,,566.0,584.0,,0,0,1,BFA,DHS
3675578,BF1999DHS,Men with no education,1,82.6,EDEDUCMNED,1,BFDHS1999374005,1998-99,DHS,1999,231204140,BF,,Burkina Faso,I,374005,Region,ED_EDUC_M_NED,1374005,Central/South,,482.0,524.0,,0,0,1,BFA,DHS
6266013,BF2003DHS,Women with no education,1,33.4,EDEDUCWNED,1,BFDHS2003374011,2003,DHS,2003,231203010,BF,,Burkina Faso,I,374011,Region,ED_EDUC_W_NED,1374011,Ouagadougou,,689.0,1418.0,,0,0,1,BFA,DHS
3264719,BF2003DHS,Women with no education,1,83.7,EDEDUCWNED,1,BFDHS2003374012,2003,DHS,2003,231203010,BF,,Burkina Faso,I,374012,Region,ED_EDUC_W_NED,1374012,Boucle de Mouhoun,,921.0,910.0,,0,0,1,BFA,DHS
1408878,BF2003DHS,Women with no education,1,85.2,EDEDUCWNED,1,BFDHS2003374013,2003,DHS,2003,231203010,BF,,Burkina Faso,I,374013,Region,ED_EDUC_W_NED,1374013,Centre (excluding Ouagadougou),,351.0,239.0,,0,0,1,BFA,DHS
3600723,BF2003DHS,Women with no education,1,88.1,EDEDUCWNED,1,BFDHS2003374014,2003,DHS,2003,231203010,BF,,Burkina Faso,I,374014,Region,ED_EDUC_W_NED,1374014,Centre-Sud,,822.0,735.0,,0,0,1,BFA,DHS
5611184,BF2003DHS,Women with no education,1,88.7,EDEDUCWNED,1,BFDHS2003374015,2003,DHS,2003,231203010,BF,,Burkina Faso,I,374015,Region,ED_EDUC_W_NED,1374015,Plateau Central,,1084.0,620.0,,0,0,1,BFA,DHS
7295397,BF2003DHS,Women with no education,1,85.4,EDEDUCWNED,1,BFDHS2003374016,2003,DHS,2003,231203010,BF,,Burkina Faso,I,374016,Region,ED_EDUC_W_NED,1374016,Centre-Est,,844.0,1054.0,,0,0,1,BFA,DHS
4189717,BF2003DHS,Women with no education,1,91.9,EDEDUCWNED,1,BFDHS2003374017,2003,DHS,2003,231203010,BF,,Burkina Faso,I,374017,Region,ED_EDUC_W_NED,1374017,Centre-Nord,,966.0,1053.0,,0,0,1,BFA,DHS
6800979,BF2003DHS,Women with no education,1,80.3,EDEDUCWNED,1,BFDHS2003374018,2003,DHS,2003,231203010,BF,,Burkina Faso,I,374018,Region,ED_EDUC_W_NED,1374018,Centre-Ouest,,1305.0,905.0,,0,0,1,BFA,DHS
3620914,BF2003DHS,Women with no education,1,94.9,EDEDUCWNED,1,BFDHS2003374019,2003,DHS,2003,231203010,BF,,Burkina Faso,I,374019,Region,ED_EDUC_W_NED,1374019,Est,,767.0,905.0,,0,0,1,BFA,DHS
5214662,BF2003DHS,Women with no education,1,90.0,EDEDUCWNED,1,BFDHS2003374020,2003,DHS,2003,231203010,BF,,Burkina Faso,I,374020,Region,ED_EDUC_W_NED,1374020,Nord,,854.0,1175.0,,0,0,1,BFA,DHS
528745,BF2003DHS,Women with no education,1,78.0,EDEDUCWNED,1,BFDHS2003374021,2003,DHS,2003,231203010,BF,,Burkina Faso,I,374021,Region,ED_EDUC_W_NED,1374021,Cascades,,905.0,410.0,,0,0,1,BFA,DHS
3309896,BF2003DHS,Women with no education,1,76.8,EDEDUCWNED,1,BFDHS2003374022,2003,DHS,2003,231203010,BF,,Burkina Faso,I,374022,Region,ED_EDUC_W_NED,1374022,Hauts Bassins,,1146.0,1606.0,,0,0,1,BFA,DHS
7261641,BF2003DHS,Women with no education,1,92.7,EDEDUCWNED,1,BFDHS2003374023,2003,DHS,2003,231203010,BF,,Burkina Faso,I,374023,Region,ED_EDUC_W_NED,1374023,Sahel,,767.0,848.0,,0,0,1,BFA,DHS
4753327,BF2003DHS,Women with no education,1,88.3,EDEDUCWNED,1,BFDHS2003374024,2003,DHS,2003,231203010,BF,,Burkina Faso,I,374024,Region,ED_EDUC_W_NED,1374024,Sud-Ouest,,1056.0,599.0,,0,0,1,BFA,DHS
4161833,BF2003DHS,Men with no education,1,20.8,EDEDUCMNED,1,BFDHS2003374011,2003,DHS,2003,231204140,BF,,Burkina Faso,I,374011,Region,ED_EDUC_M_NED,1374011,Ouagadougou,,202.0,439.0,,0,0,1,BFA,DHS
7433735,BF2003DHS,Men with no education,1,74.3,EDEDUCMNED,1,BFDHS2003374012,2003,DHS,2003,231204140,BF,,Burkina Faso,I,374012,Region,ED_EDUC_M_NED,1374012,Boucle de Mouhoun,,226.0,232.0,,0,0,1,BFA,DHS
4042639,BF2003DHS,Men with no education,1,61.5,EDEDUCMNED,1,BFDHS2003374013,2003,DHS,2003,231204140,BF,,Burkina Faso,I,374013,Region,ED_EDUC_M_NED,1374013,Centre (excluding Ouagadougou),,97.0,65.0,,0,0,1,BFA,DHS
5361655,BF2003DHS,Men with no education,1,72.8,EDEDUCMNED,1,BFDHS2003374014,2003,DHS,2003,231204140,BF,,Burkina Faso,I,374014,Region,ED_EDUC_M_NED,1374014,Centre-Sud,,215.0,188.0,,0,0,1,BFA,DHS
4867967,BF2003DHS,Men with no education,1,76.5,EDEDUCMNED,1,BFDHS2003374015,2003,DHS,2003,231204140,BF,,Burkina Faso,I,374015,Region,ED_EDUC_M_NED,1374015,Plateau Central,,264.0,150.0,,0,0,1,BFA,DHS
45297,BF2003DHS,Men with no education,1,59.3,EDEDUCMNED,1,BFDHS2003374016,2003,DHS,2003,231204140,BF,,Burkina Faso,I,374016,Region,ED_EDUC_M_NED,1374016,Centre-Est,,180.0,229.0,,0,0,1,BFA,DHS
6712220,BF2003DHS,Men with no education,1,76.5,EDEDUCMNED,1,BFDHS2003374017,2003,DHS,2003,231204140,BF,,Burkina Faso,I,374017,Region,ED_EDUC_M_NED,1374017,Centre-Nord,,224.0,221.0,,0,0,1,BFA,DHS
1393583,BF2003DHS,Men with no education,1,57.3,EDEDUCMNED,1,BFDHS2003374018,2003,DHS,2003,231204140,BF,,Burkina Faso,I,374018,Region,ED_EDUC_M_NED,1374018,Centre-Ouest,,303.0,207.0,,0,0,1,BFA,DHS
217047,BF2003DHS,Men with no education,1,90.5,EDEDUCMNED,1,BFDHS2003374019,2003,DHS,2003,231204140,BF,,Burkina Faso,I,374019,Region,ED_EDUC_M_NED,1374019,Est,,210.0,233.0,,0,0,1,BFA,DHS
1401283,BF2003DHS,Men with no education,1,71.5,EDEDUCMNED,1,BFDHS2003374020,2003,DHS,2003,231204140,BF,,Burkina Faso,I,374020,Region,ED_EDUC_M_NED,1374020,Nord,,207.0,264.0,,0,0,1,BFA,DHS
5468405,BF2003DHS,Men with no education,1,52.6,EDEDUCMNED,1,BFDHS2003374021,2003,DHS,2003,231204140,BF,,Burkina Faso,I,374021,Region,ED_EDUC_M_NED,1374021,Cascades,,226.0,102.0,,0,0,1,BFA,DHS
7178397,BF2003DHS,Men with no education,1,54.5,EDEDUCMNED,1,BFDHS2003374022,2003,DHS,2003,231204140,BF,,Burkina Faso,I,374022,Region,ED_EDUC_M_NED,1374022,Hauts Bassins,,353.0,496.0,,0,0,1,BFA,DHS
1417191,BF2003DHS,Men with no education,1,86.0,EDEDUCMNED,1,BFDHS2003374023,2003,DHS,2003,231204140,BF,,Burkina Faso,I,374023,Region,ED_EDUC_M_NED,1374023,Sahel,,210.0,241.0,,0,0,1,BFA,DHS
6268454,BF2003DHS,Men with no education,1,73.0,EDEDUCMNED,1,BFDHS2003374024,2003,DHS,2003,231204140,BF,,Burkina Faso,I,374024,Region,ED_EDUC_M_NED,1374024,Sud-Ouest,,272.0,144.0,,0,0,1,BFA,DHS
5575973,BF2003DHS,Women who are literate,1,59.8,EDLITRWLIT,1,BFDHS2003374011,2003,DHS,2003,231233090,BF,,Burkina Faso,I,374011,Region,ED_LITR_W_LIT,1374011,Ouagadougou,,689.0,1418.0,,0,0,1,BFA,DHS
7165211,BF2003DHS,Women who are literate,1,12.0,EDLITRWLIT,1,BFDHS2003374012,2003,DHS,2003,231233090,BF,,Burkina Faso,I,374012,Region,ED_LITR_W_LIT,1374012,Boucle de Mouhoun,,921.0,910.0,,0,0,1,BFA,DHS
2937381,BF2003DHS,Women who are literate,1,10.5,EDLITRWLIT,1,BFDHS2003374013,2003,DHS,2003,231233090,BF,,Burkina Faso,I,374013,Region,ED_LITR_W_LIT,1374013,Centre (excluding Ouagadougou),,351.0,239.0,,0,0,1,BFA,DHS
6331358,BF2003DHS,Women who are literate,1,8.2,EDLITRWLIT,1,BFDHS2003374014,2003,DHS,2003,231233090,BF,,Burkina Faso,I,374014,Region,ED_LITR_W_LIT,1374014,Centre-Sud,,822.0,735.0,,0,0,1,BFA,DHS
1417215,BF2003DHS,Women who are literate,1,8.5,EDLITRWLIT,1,BFDHS2003374015,2003,DHS,2003,231233090,BF,,Burkina Faso,I,374015,Region,ED_LITR_W_LIT,1374015,Plateau Central,,1084.0,620.0,,0,0,1,BFA,DHS
4804375,BF2003DHS,Women who are literate,1,12.9,EDLITRWLIT,1,BFDHS2003374016,2003,DHS,2003,231233090,BF,,Burkina Faso,I,374016,Region,ED_LITR_W_LIT,1374016,Centre-Est,,844.0,1054.0,,0,0,1,BFA,DHS
2918711,BF2003DHS,Women who are literate,1,5.5,EDLITRWLIT,1,BFDHS2003374017,2003,DHS,2003,231233090,BF,,Burkina Faso,I,374017,Region,ED_LITR_W_LIT,1374017,Centre-Nord,,966.0,1053.0,,0,0,1,BFA,DHS
7033666,BF2003DHS,Women who are literate,1,13.7,EDLITRWLIT,1,BFDHS2003374018,2003,DHS,2003,231233090,BF,,Burkina Faso,I,374018,Region,ED_LITR_W_LIT,1374018,Centre-Ouest,,1305.0,905.0,,0,0,1,BFA,DHS
6029765,BF2003DHS,Women who are literate,1,4.3,EDLITRWLIT,1,BFDHS2003374019,2003,DHS,2003,231233090,BF,,Burkina Faso,I,374019,Region,ED_LITR_W_LIT,1374019,Est,,767.0,905.0,,0,0,1,BFA,DHS
4439330,BF2003DHS,Women who are literate,1,7.3,EDLITRWLIT,1,BFDHS2003374020,2003,DHS,2003,231233090,BF,,Burkina Faso,I,374020,Region,ED_LITR_W_LIT,1374020,Nord,,854.0,1175.0,,0,0,1,BFA,DHS
7417654,BF2003DHS,Women who are literate,1,16.7,EDLITRWLIT,1,BFDHS2003374021,2003,DHS,2003,231233090,BF,,Burkina Faso,I,374021,Region,ED_LITR_W_LIT,1374021,Cascades,,905.0,410.0,,0,0,1,BFA,DHS
1393619,BF2003DHS,Women who are literate,1,18.9,EDLITRWLIT,1,BFDHS2003374022,2003,DHS,2003,231233090,BF,,Burkina Faso,I,374022,Region,ED_LITR_W_LIT,1374022,Hauts Bassins,,1146.0,1606.0,,0,0,1,BFA,DHS
5368304,BF2003DHS,Women who are literate,1,3.6,EDLITRWLIT,1,BFDHS2003374023,2003,DHS,2003,231233090,BF,,Burkina Faso,I,374023,Region,ED_LITR_W_LIT,1374023,Sahel,,767.0,848.0,,0,0,1,BFA,DHS
3330978,BF2003DHS,Women who are literate,1,8.0,EDLITRWLIT,1,BFDHS2003374024,2003,DHS,2003,231233090,BF,,Burkina Faso,I,374024,Region,ED_LITR_W_LIT,1374024,Sud-Ouest,,1056.0,599.0,,0,0,1,BFA,DHS
7277304,BF2003DHS,Men who are literate,1,77.2,EDLITRMLIT,1,BFDHS2003374011,2003,DHS,2003,231234200,BF,,Burkina Faso,I,374011,Region,ED_LITR_M_LIT,1374011,Ouagadougou,,202.0,439.0,,0,0,1,BFA,DHS
347612,BF2003DHS,Men who are literate,1,19.9,EDLITRMLIT,1,BFDHS2003374012,2003,DHS,2003,231234200,BF,,Burkina Faso,I,374012,Region,ED_LITR_M_LIT,1374012,Boucle de Mouhoun,,226.0,232.0,,0,0,1,BFA,DHS
6820894,BF2003DHS,Men who are literate,1,30.0,EDLITRMLIT,1,BFDHS2003374013,2003,DHS,2003,231234200,BF,,Burkina Faso,I,374013,Region,ED_LITR_M_LIT,1374013,Centre (excluding Ouagadougou),,97.0,65.0,,0,0,1,BFA,DHS
405890,BF2003DHS,Men who are literate,1,26.7,EDLITRMLIT,1,BFDHS2003374014,2003,DHS,2003,231234200,BF,,Burkina Faso,I,374014,Region,ED_LITR_M_LIT,1374014,Centre-Sud,,215.0,188.0,,0,0,1,BFA,DHS
5348318,BF2003DHS,Men who are literate,1,20.6,EDLITRMLIT,1,BFDHS2003374015,2003,DHS,2003,231234200,BF,,Burkina Faso,I,374015,Region,ED_LITR_M_LIT,1374015,Plateau Central,,264.0,150.0,,0,0,1,BFA,DHS
3822134,BF2003DHS,Men who are literate,1,36.0,EDLITRMLIT,1,BFDHS2003374016,2003,DHS,2003,231234200,BF,,Burkina Faso,I,374016,Region,ED_LITR_M_LIT,1374016,Centre-Est,,180.0,229.0,,0,0,1,BFA,DHS
2579150,BF2003DHS,Men who are literate,1,15.2,EDLITRMLIT,1,BFDHS2003374017,2003,DHS,2003,231234200,BF,,Burkina Faso,I,374017,Region,ED_LITR_M_LIT,1374017,Centre-Nord,,224.0,221.0,,0,0,1,BFA,DHS
6483479,BF2003DHS,Men who are literate,1,31.0,EDLITRMLIT,1,BFDHS2003374018,2003,DHS,2003,231234200,BF,,Burkina Faso,I,374018,Region,ED_LITR_M_LIT,1374018,Centre-Ouest,,303.0,207.0,,0,0,1,BFA,DHS
4657413,BF2003DHS,Men who are literate,1,12.2,EDLITRMLIT,1,BFDHS2003374019,2003,DHS,2003,231234200,BF,,Burkina Faso,I,374019,Region,ED_LITR_M_LIT,1374019,Est,,210.0,233.0,,0,0,1,BFA,DHS
4605496,BF2003DHS,Men who are literate,1,27.2,EDLITRMLIT,1,BFDHS2003374020,2003,DHS,2003,231234200,BF,,Burkina Faso,I,374020,Region,ED_LITR_M_LIT,1374020,Nord,,207.0,264.0,,0,0,1,BFA,DHS
4056714,BF2003DHS,Men who are literate,1,46.5,EDLITRMLIT,1,BFDHS2003374021,2003,DHS,2003,231234200,BF,,Burkina Faso,I,374021,Region,ED_LITR_M_LIT,1374021,Cascades,,226.0,102.0,,0,0,1,BFA,DHS
5858991,BF2003DHS,Men who are literate,1,41.6,EDLITRMLIT,1,BFDHS2003374022,2003,DHS,2003,231234200,BF,,Burkina Faso,I,374022,Region,ED_LITR_M_LIT,1374022,Hauts Bassins,,353.0,496.0,,0,0,1,BFA,DHS
5782401,BF2003DHS,Men who are literate,1,10.0,EDLITRMLIT,1,BFDHS2003374023,2003,DHS,2003,231234200,BF,,Burkina Faso,I,374023,Region,ED_LITR_M_LIT,1374023,Sahel,,210.0,241.0,,0,0,1,BFA,DHS
5349958,BF2003DHS,Men who are literate,1,17.2,EDLITRMLIT,1,BFDHS2003374024,2003,DHS,2003,231234200,BF,,Burkina Faso,I,374024,Region,ED_LITR_M_LIT,1374024,Sud-Ouest,,272.0,144.0,,0,0,1,BFA,DHS
868865,BF2010DHS,Women with no education,1,37.4,EDEDUCWNED,1,BFDHS2010374010,2010,DHS,2010,231203010,BF,,Burkina Faso,I,374010,Region,ED_EDUC_W_NED,1374010,Centre (including Ouagadougou),,1705.0,2556.0,,0,0,1,BFA,DHS
5029279,BF2010DHS,Women with no education,1,32.6,EDEDUCWNED,1,BFDHS2010374011,2010,DHS,2010,231203010,BF,,Burkina Faso,I,374011,Region,ED_EDUC_W_NED,1374011,Ouagadougou,,1333.0,2240.0,,0,0,,BFA,DHS
236855,BF2010DHS,Women with no education,1,80.1,EDEDUCWNED,1,BFDHS2010374012,2010,DHS,2010,231203010,BF,,Burkina Faso,I,374012,Region,ED_EDUC_W_NED,1374012,Boucle de Mouhoun,,1350.0,1766.0,,0,0,1,BFA,DHS
7318532,BF2010DHS,Women with no education,1,76.0,EDEDUCWNED,1,BFDHS2010374014,2010,DHS,2010,231203010,BF,,Burkina Faso,I,374014,Region,ED_EDUC_W_NED,1374014,Centre-Sud,,1152.0,788.0,,0,0,1,BFA,DHS
7668877,BF2010DHS,Women with no education,1,82.6,EDEDUCWNED,1,BFDHS2010374015,2010,DHS,2010,231203010,BF,,Burkina Faso,I,374015,Region,ED_EDUC_W_NED,1374015,Plateau Central,,1253.0,811.0,,0,0,1,BFA,DHS
5888001,BF2010DHS,Women with no education,1,80.5,EDEDUCWNED,1,BFDHS2010374016,2010,DHS,2010,231203010,BF,,Burkina Faso,I,374016,Region,ED_EDUC_W_NED,1374016,Centre-Est,,1264.0,1251.0,,0,0,1,BFA,DHS
4383290,BF2010DHS,Women with no education,1,87.1,EDEDUCWNED,1,BFDHS2010374017,2010,DHS,2010,231203010,BF,,Burkina Faso,I,374017,Region,ED_EDUC_W_NED,1374017,Centre-Nord,,1156.0,1195.0,,0,0,1,BFA,DHS
4719712,BF2010DHS,Women with no education,1,75.8,EDEDUCWNED,1,BFDHS2010374018,2010,DHS,2010,231203010,BF,,Burkina Faso,I,374018,Region,ED_EDUC_W_NED,1374018,Centre-Ouest,,1528.0,1334.0,,0,0,1,BFA,DHS
12009,BF2010DHS,Women with no education,1,89.0,EDEDUCWNED,1,BFDHS2010374019,2010,DHS,2010,231203010,BF,,Burkina Faso,I,374019,Region,ED_EDUC_W_NED,1374019,Est,,1358.0,1469.0,,0,0,1,BFA,DHS
6769084,BF2010DHS,Women with no education,1,82.1,EDEDUCWNED,1,BFDHS2010374020,2010,DHS,2010,231203010,BF,,Burkina Faso,I,374020,Region,ED_EDUC_W_NED,1374020,Nord,,1300.0,1205.0,,0,0,1,BFA,DHS
5950528,BF2010DHS,Women with no education,1,75.0,EDEDUCWNED,1,BFDHS2010374021,2010,DHS,2010,231203010,BF,,Burkina Faso,I,374021,Region,ED_EDUC_W_NED,1374021,Cascades,,1108.0,650.0,,0,0,1,BFA,DHS
590841,BF2010DHS,Women with no education,1,66.0,EDEDUCWNED,1,BFDHS2010374022,2010,DHS,2010,231203010,BF,,Burkina Faso,I,374022,Region,ED_EDUC_W_NED,1374022,Hauts Bassins,,1548.0,2036.0,,0,0,1,BFA,DHS
7098081,BF2010DHS,Women with no education,1,92.4,EDEDUCWNED,1,BFDHS2010374023,2010,DHS,2010,231203010,BF,,Burkina Faso,I,374023,Region,ED_EDUC_W_NED,1374023,Sahel,,1152.0,1295.0,,0,0,1,BFA,DHS
275988,BF2010DHS,Women with no education,1,83.4,EDEDUCWNED,1,BFDHS2010374024,2010,DHS,2010,231203010,BF,,Burkina Faso,I,374024,Region,ED_EDUC_W_NED,1374024,Sud-Ouest,,1213.0,730.0,,0,0,1,BFA,DHS
5870976,BF2010DHS,Men with no education,1,24.2,EDEDUCMNED,1,BFDHS2010374010,2010,DHS,2010,231204140,BF,,Burkina Faso,I,374010,Region,ED_EDUC_M_NED,1374010,Centre (including Ouagadougou),,738.0,1116.0,,0,0,1,BFA,DHS
3703287,BF2010DHS,Men with no education,1,19.9,EDEDUCMNED,1,BFDHS2010374011,2010,DHS,2010,231204140,BF,,Burkina Faso,I,374011,Region,ED_EDUC_M_NED,1374011,Ouagadougou,,574.0,977.0,,0,0,,BFA,DHS
4817956,BF2010DHS,Men with no education,1,64.1,EDEDUCMNED,1,BFDHS2010374012,2010,DHS,2010,231204140,BF,,Burkina Faso,I,374012,Region,ED_EDUC_M_NED,1374012,Boucle de Mouhoun,,586.0,766.0,,0,0,1,BFA,DHS
4441639,BF2010DHS,Men with no education,1,63.7,EDEDUCMNED,1,BFDHS2010374014,2010,DHS,2010,231204140,BF,,Burkina Faso,I,374014,Region,ED_EDUC_M_NED,1374014,Centre-Sud,,464.0,318.0,,0,0,1,BFA,DHS
7669662,BF2010DHS,Men with no education,1,68.1,EDEDUCMNED,1,BFDHS2010374015,2010,DHS,2010,231204140,BF,,Burkina Faso,I,374015,Region,ED_EDUC_M_NED,1374015,Plateau Central,,478.0,302.0,,0,0,1,BFA,DHS
1874099,BF2010DHS,Men with no education,1,71.9,EDEDUCMNED,1,BFDHS2010374016,2010,DHS,2010,231204140,BF,,Burkina Faso,I,374016,Region,ED_EDUC_M_NED,1374016,Centre-Est,,405.0,408.0,,0,0,1,BFA,DHS
5519471,BF2010DHS,Men with no education,1,78.5,EDEDUCMNED,1,BFDHS2010374017,2010,DHS,2010,231204140,BF,,Burkina Faso,I,374017,Region,ED_EDUC_M_NED,1374017,Centre-Nord,,409.0,396.0,,0,0,1,BFA,DHS
2645784,BF2010DHS,Men with no education,1,53.3,EDEDUCMNED,1,BFDHS2010374018,2010,DHS,2010,231204140,BF,,Burkina Faso,I,374018,Region,ED_EDUC_M_NED,1374018,Centre-Ouest,,538.0,465.0,,0,0,1,BFA,DHS
3138934,BF2010DHS,Men with no education,1,77.0,EDEDUCMNED,1,BFDHS2010374019,2010,DHS,2010,231204140,BF,,Burkina Faso,I,374019,Region,ED_EDUC_M_NED,1374019,Est,,531.0,569.0,,0,0,1,BFA,DHS
3436116,BF2010DHS,Men with no education,1,62.7,EDEDUCMNED,1,BFDHS2010374020,2010,DHS,2010,231204140,BF,,Burkina Faso,I,374020,Region,ED_EDUC_M_NED,1374020,Nord,,431.0,387.0,,0,0,1,BFA,DHS
4629220,BF2010DHS,Men with no education,1,60.2,EDEDUCMNED,1,BFDHS2010374021,2010,DHS,2010,231204140,BF,,Burkina Faso,I,374021,Region,ED_EDUC_M_NED,1374021,Cascades,,417.0,249.0,,0,0,1,BFA,DHS
7141440,BF2010DHS,Men with no education,1,50.9,EDEDUCMNED,1,BFDHS2010374022,2010,DHS,2010,231204140,BF,,Burkina Faso,I,374022,Region,ED_EDUC_M_NED,1374022,Hauts Bassins,,587.0,768.0,,0,0,1,BFA,DHS
1874078,BF2010DHS,Men with no education,1,85.7,EDEDUCMNED,1,BFDHS2010374023,2010,DHS,2010,231204140,BF,,Burkina Faso,I,374023,Region,ED_EDUC_M_NED,1374023,Sahel,,454.0,490.0,,0,0,1,BFA,DHS
5407130,BF2010DHS,Men with no education,1,70.5,EDEDUCMNED,1,BFDHS2010374024,2010,DHS,2010,231204140,BF,,Burkina Faso,I,374024,Region,ED_EDUC_M_NED,1374024,Sud-Ouest,,462.0,268.0,,0,0,1,BFA,DHS
3445274,BF2010DHS,Women who are literate,1,52.8,EDLITRWLIT,1,BFDHS2010374010,2010,DHS,2010,231233090,BF,,Burkina Faso,I,374010,Region,ED_LITR_W_LIT,1374010,Centre (including Ouagadougou),,1705.0,2556.0,,0,0,1,BFA,DHS
4622349,BF2010DHS,Women who are literate,1,57.2,EDLITRWLIT,1,BFDHS2010374011,2010,DHS,2010,231233090,BF,,Burkina Faso,I,374011,Region,ED_LITR_W_LIT,1374011,Ouagadougou,,1333.0,2240.0,,0,0,,BFA,DHS
7109596,BF2010DHS,Women who are literate,1,14.8,EDLITRWLIT,1,BFDHS2010374012,2010,DHS,2010,231233090,BF,,Burkina Faso,I,374012,Region,ED_LITR_W_LIT,1374012,Boucle de Mouhoun,,1350.0,1766.0,,0,0,1,BFA,DHS
5394004,BF2010DHS,Women who are literate,1,20.6,EDLITRWLIT,1,BFDHS2010374014,2010,DHS,2010,231233090,BF,,Burkina Faso,I,374014,Region,ED_LITR_W_LIT,1374014,Centre-Sud,,1152.0,788.0,,0,0,1,BFA,DHS
7668366,BF2010DHS,Women who are literate,1,16.3,EDLITRWLIT,1,BFDHS2010374015,2010,DHS,2010,231233090,BF,,Burkina Faso,I,374015,Region,ED_LITR_W_LIT,1374015,Plateau Central,,1253.0,811.0,,0,0,1,BFA,DHS
4369603,BF2010DHS,Women who are literate,1,16.0,EDLITRWLIT,1,BFDHS2010374016,2010,DHS,2010,231233090,BF,,Burkina Faso,I,374016,Region,ED_LITR_W_LIT,1374016,Centre-Est,,1264.0,1251.0,,0,0,1,BFA,DHS
6549969,BF2010DHS,Women who are literate,1,13.0,EDLITRWLIT,1,BFDHS2010374017,2010,DHS,2010,231233090,BF,,Burkina Faso,I,374017,Region,ED_LITR_W_LIT,1374017,Centre-Nord,,1156.0,1195.0,,0,0,1,BFA,DHS
4312680,BF2010DHS,Women who are literate,1,20.5,EDLITRWLIT,1,BFDHS2010374018,2010,DHS,2010,231233090,BF,,Burkina Faso,I,374018,Region,ED_LITR_W_LIT,1374018,Centre-Ouest,,1528.0,1334.0,,0,0,1,BFA,DHS
7174410,BF2010DHS,Women who are literate,1,12.3,EDLITRWLIT,1,BFDHS2010374019,2010,DHS,2010,231233090,BF,,Burkina Faso,I,374019,Region,ED_LITR_W_LIT,1374019,Est,,1358.0,1469.0,,0,0,1,BFA,DHS
3713761,BF2010DHS,Women who are literate,1,16.0,EDLITRWLIT,1,BFDHS2010374020,2010,DHS,2010,231233090,BF,,Burkina Faso,I,374020,Region,ED_LITR_W_LIT,1374020,Nord,,1300.0,1205.0,,0,0,1,BFA,DHS
4754658,BF2010DHS,Women who are literate,1,21.0,EDLITRWLIT,1,BFDHS2010374021,2010,DHS,2010,231233090,BF,,Burkina Faso,I,374021,Region,ED_LITR_W_LIT,1374021,Cascades,,1108.0,650.0,,0,0,1,BFA,DHS
2581925,BF2010DHS,Women who are literate,1,30.4,EDLITRWLIT,1,BFDHS2010374022,2010,DHS,2010,231233090,BF,,Burkina Faso,I,374022,Region,ED_LITR_W_LIT,1374022,Hauts Bassins,,1548.0,2036.0,,0,0,1,BFA,DHS
1874123,BF2010DHS,Women who are literate,1,6.1,EDLITRWLIT,1,BFDHS2010374023,2010,DHS,2010,231233090,BF,,Burkina Faso,I,374023,Region,ED_LITR_W_LIT,1374023,Sahel,,1152.0,1295.0,,0,0,1,BFA,DHS
6013396,BF2010DHS,Women who are literate,1,14.0,EDLITRWLIT,1,BFDHS2010374024,2010,DHS,2010,231233090,BF,,Burkina Faso,I,374024,Region,ED_LITR_W_LIT,1374024,Sud-Ouest,,1213.0,730.0,,0,0,1,BFA,DHS
4160735,BF2010DHS,Men who are literate,1,66.9,EDLITRMLIT,1,BFDHS2010374010,2010,DHS,2010,231234200,BF,,Burkina Faso,I,374010,Region,ED_LITR_M_LIT,1374010,Centre (including Ouagadougou),,738.0,1116.0,,0,0,1,BFA,DHS
5803274,BF2010DHS,Men who are literate,1,71.3,EDLITRMLIT,1,BFDHS2010374011,2010,DHS,2010,231234200,BF,,Burkina Faso,I,374011,Region,ED_LITR_M_LIT,1374011,Ouagadougou,,574.0,977.0,,0,0,,BFA,DHS
4448256,BF2010DHS,Men who are literate,1,29.4,EDLITRMLIT,1,BFDHS2010374012,2010,DHS,2010,231234200,BF,,Burkina Faso,I,374012,Region,ED_LITR_M_LIT,1374012,Boucle de Mouhoun,,586.0,766.0,,0,0,1,BFA,DHS
1859334,BF2010DHS,Men who are literate,1,33.6,EDLITRMLIT,1,BFDHS2010374014,2010,DHS,2010,231234200,BF,,Burkina Faso,I,374014,Region,ED_LITR_M_LIT,1374014,Centre-Sud,,464.0,318.0,,0,0,1,BFA,DHS
7668908,BF2010DHS,Men who are literate,1,28.8,EDLITRMLIT,1,BFDHS2010374015,2010,DHS,2010,231234200,BF,,Burkina Faso,I,374015,Region,ED_LITR_M_LIT,1374015,Plateau Central,,478.0,302.0,,0,0,1,BFA,DHS
6081304,BF2010DHS,Men who are literate,1,29.7,EDLITRMLIT,1,BFDHS2010374016,2010,DHS,2010,231234200,BF,,Burkina Faso,I,374016,Region,ED_LITR_M_LIT,1374016,Centre-Est,,405.0,408.0,,0,0,1,BFA,DHS
3913868,BF2010DHS,Men who are literate,1,21.1,EDLITRMLIT,1,BFDHS2010374017,2010,DHS,2010,231234200,BF,,Burkina Faso,I,374017,Region,ED_LITR_M_LIT,1374017,Centre-Nord,,409.0,396.0,,0,0,1,BFA,DHS
7096217,BF2010DHS,Men who are literate,1,38.5,EDLITRMLIT,1,BFDHS2010374018,2010,DHS,2010,231234200,BF,,Burkina Faso,I,374018,Region,ED_LITR_M_LIT,1374018,Centre-Ouest,,538.0,465.0,,0,0,1,BFA,DHS
3785744,BF2010DHS,Men who are literate,1,28.4,EDLITRMLIT,1,BFDHS2010374019,2010,DHS,2010,231234200,BF,,Burkina Faso,I,374019,Region,ED_LITR_M_LIT,1374019,Est,,531.0,569.0,,0,0,1,BFA,DHS
4840592,BF2010DHS,Men who are literate,1,31.3,EDLITRMLIT,1,BFDHS2010374020,2010,DHS,2010,231234200,BF,,Burkina Faso,I,374020,Region,ED_LITR_M_LIT,1374020,Nord,,431.0,387.0,,0,0,1,BFA,DHS
3757981,BF2010DHS,Men who are literate,1,38.9,EDLITRMLIT,1,BFDHS2010374021,2010,DHS,2010,231234200,BF,,Burkina Faso,I,374021,Region,ED_LITR_M_LIT,1374021,Cascades,,417.0,249.0,,0,0,1,BFA,DHS
4431794,BF2010DHS,Men who are literate,1,46.6,EDLITRMLIT,1,BFDHS2010374022,2010,DHS,2010,231234200,BF,,Burkina Faso,I,374022,Region,ED_LITR_M_LIT,1374022,Hauts Bassins,,587.0,768.0,,0,0,1,BFA,DHS
5975106,BF2010DHS,Men who are literate,1,16.8,EDLITRMLIT,1,BFDHS2010374023,2010,DHS,2010,231234200,BF,,Burkina Faso,I,374023,Region,ED_LITR_M_LIT,1374023,Sahel,,454.0,490.0,,0,0,1,BFA,DHS
3755840,BF2010DHS,Men who are literate,1,27.9,EDLITRMLIT,1,BFDHS2010374024,2010,DHS,2010,231234200,BF,,Burkina Faso,I,374024,Region,ED_LITR_M_LIT,1374024,Sud-Ouest,,462.0,268.0,,0,0,1,BFA,DHS
4180028,BF2014MIS,Women with no education,1,32.9,EDEDUCWNED,1,BFMIS2014374010,2014,MIS,2014,231203010,BF,,Burkina Faso,I,374010,Region,ED_EDUC_W_NED,1374010,Centre (including Ouagadougou),,709.0,1306.0,,0,0,1,BFA,DHS
6149499,BF2014MIS,Women with no education,1,30.5,EDEDUCWNED,1,BFMIS2014374011,2014,MIS,2014,231203010,BF,,Burkina Faso,I,374011,Region,ED_EDUC_W_NED,1374011,Ouagadougou,,572.0,1161.0,,0,0,,BFA,DHS
4254095,BF2014MIS,Women with no education,1,76.2,EDEDUCWNED,1,BFMIS2014374012,2014,MIS,2014,231203010,BF,,Burkina Faso,I,374012,Region,ED_EDUC_W_NED,1374012,Boucle de Mouhoun,,619.0,760.0,,0,0,1,BFA,DHS
3818686,BF2014MIS,Women with no education,1,73.3,EDEDUCWNED,1,BFMIS2014374014,2014,MIS,2014,231203010,BF,,Burkina Faso,I,374014,Region,ED_EDUC_W_NED,1374014,Centre-Sud,,544.0,295.0,,0,0,1,BFA,DHS
4989765,BF2014MIS,Women with no education,1,73.9,EDEDUCWNED,1,BFMIS2014374015,2014,MIS,2014,231203010,BF,,Burkina Faso,I,374015,Region,ED_EDUC_W_NED,1374015,Plateau Central,,683.0,386.0,,0,0,1,BFA,DHS
7384157,BF2014MIS,Women with no education,1,75.5,EDEDUCWNED,1,BFMIS2014374016,2014,MIS,2014,231203010,BF,,Burkina Faso,I,374016,Region,ED_EDUC_W_NED,1374016,Centre-Est,,668.0,619.0,,0,0,1,BFA,DHS
4341266,BF2014MIS,Women with no education,1,80.5,EDEDUCWNED,1,BFMIS2014374017,2014,MIS,2014,231203010,BF,,Burkina Faso,I,374017,Region,ED_EDUC_W_NED,1374017,Centre-Nord,,630.0,626.0,,0,0,1,BFA,DHS
5780719,BF2014MIS,Women with no education,1,67.6,EDEDUCWNED,1,BFMIS2014374018,2014,MIS,2014,231203010,BF,,Burkina Faso,I,374018,Region,ED_EDUC_W_NED,1374018,Centre-Ouest,,644.0,617.0,,0,0,1,BFA,DHS
394529,BF2014MIS,Women with no education,1,88.5,EDEDUCWNED,1,BFMIS2014374019,2014,MIS,2014,231203010,BF,,Burkina Faso,I,374019,Region,ED_EDUC_W_NED,1374019,Est,,559.0,543.0,,0,0,1,BFA,DHS
5368489,BF2014MIS,Women with no education,1,73.2,EDEDUCWNED,1,BFMIS2014374020,2014,MIS,2014,231203010,BF,,Burkina Faso,I,374020,Region,ED_EDUC_W_NED,1374020,Nord,,597.0,640.0,,0,0,1,BFA,DHS
24381,BF2014MIS,Women with no education,1,72.3,EDEDUCWNED,1,BFMIS2014374021,2014,MIS,2014,231203010,BF,,Burkina Faso,I,374021,Region,ED_EDUC_W_NED,1374021,Cascades,,680.0,279.0,,0,0,1,BFA,DHS
6563632,BF2014MIS,Women with no education,1,56.0,EDEDUCWNED,1,BFMIS2014374022,2014,MIS,2014,231203010,BF,,Burkina Faso,I,374022,Region,ED_EDUC_W_NED,1374022,Hauts Bassins,,552.0,1027.0,,0,0,1,BFA,DHS
3524915,BF2014MIS,Women with no education,1,82.0,EDEDUCWNED,1,BFMIS2014374023,2014,MIS,2014,231203010,BF,,Burkina Faso,I,374023,Region,ED_EDUC_W_NED,1374023,Sahel,,652.0,709.0,,0,0,1,BFA,DHS
627970,BF2014MIS,Women with no education,1,71.1,EDEDUCWNED,1,BFMIS2014374024,2014,MIS,2014,231203010,BF,,Burkina Faso,I,374024,Region,ED_EDUC_W_NED,1374024,Sud-Ouest,,574.0,303.0,,0,0,1,BFA,DHS
1859389,BF2014MIS,Women who are literate,1,61.3,EDLITRWLIT,1,BFMIS2014374010,2014,MIS,2014,231233090,BF,,Burkina Faso,I,374010,Region,ED_LITR_W_LIT,1374010,Centre (including Ouagadougou),,709.0,1306.0,,0,0,1,BFA,DHS
527487,BF2014MIS,Women who are literate,1,63.7,EDLITRWLIT,1,BFMIS2014374011,2014,MIS,2014,231233090,BF,,Burkina Faso,I,374011,Region,ED_LITR_W_LIT,1374011,Ouagadougou,,572.0,1161.0,,0,0,,BFA,DHS
685367,BF2014MIS,Women who are literate,1,18.8,EDLITRWLIT,1,BFMIS2014374012,2014,MIS,2014,231233090,BF,,Burkina Faso,I,374012,Region,ED_LITR_W_LIT,1374012,Boucle de Mouhoun,,619.0,760.0,,0,0,1,BFA,DHS
5833316,BF2014MIS,Women who are literate,1,21.9,EDLITRWLIT,1,BFMIS2014374014,2014,MIS,2014,231233090,BF,,Burkina Faso,I,374014,Region,ED_LITR_W_LIT,1374014,Centre-Sud,,544.0,295.0,,0,0,1,BFA,DHS
2747905,BF2014MIS,Women who are literate,1,24.9,EDLITRWLIT,1,BFMIS2014374015,2014,MIS,2014,231233090,BF,,Burkina Faso,I,374015,Region,ED_LITR_W_LIT,1374015,Plateau Central,,683.0,386.0,,0,0,1,BFA,DHS
99414,BF2014MIS,Women who are literate,1,24.9,EDLITRWLIT,1,BFMIS2014374016,2014,MIS,2014,231233090,BF,,Burkina Faso,I,374016,Region,ED_LITR_W_LIT,1374016,Centre-Est,,668.0,619.0,,0,0,1,BFA,DHS
2811551,BF2014MIS,Women who are literate,1,23.0,EDLITRWLIT,1,BFMIS2014374017,2014,MIS,2014,231233090,BF,,Burkina Faso,I,374017,Region,ED_LITR_W_LIT,1374017,Centre-Nord,,630.0,626.0,,0,0,1,BFA,DHS
2987523,BF2014MIS,Women who are literate,1,27.0,EDLITRWLIT,1,BFMIS2014374018,2014,MIS,2014,231233090,BF,,Burkina Faso,I,374018,Region,ED_LITR_W_LIT,1374018,Centre-Ouest,,644.0,617.0,,0,0,1,BFA,DHS
6541705,BF2014MIS,Women who are literate,1,14.3,EDLITRWLIT,1,BFMIS2014374019,2014,MIS,2014,231233090,BF,,Burkina Faso,I,374019,Region,ED_LITR_W_LIT,1374019,Est,,559.0,543.0,,0,0,1,BFA,DHS
966286,BF2014MIS,Women who are literate,1,22.9,EDLITRWLIT,1,BFMIS2014374020,2014,MIS,2014,231233090,BF,,Burkina Faso,I,374020,Region,ED_LITR_W_LIT,1374020,Nord,,597.0,640.0,,0,0,1,BFA,DHS
7289761,BF2014MIS,Women who are literate,1,27.1,EDLITRWLIT,1,BFMIS2014374021,2014,MIS,2014,231233090,BF,,Burkina Faso,I,374021,Region,ED_LITR_W_LIT,1374021,Cascades,,680.0,279.0,,0,0,1,BFA,DHS
1874381,BF2014MIS,Women who are literate,1,33.3,EDLITRWLIT,1,BFMIS2014374022,2014,MIS,2014,231233090,BF,,Burkina Faso,I,374022,Region,ED_LITR_W_LIT,1374022,Hauts Bassins,,552.0,1027.0,,0,0,1,BFA,DHS
5410903,BF2014MIS,Women who are literate,1,17.5,EDLITRWLIT,1,BFMIS2014374023,2014,MIS,2014,231233090,BF,,Burkina Faso,I,374023,Region,ED_LITR_W_LIT,1374023,Sahel,,652.0,709.0,,0,0,1,BFA,DHS
3251959,BF2014MIS,Women who are literate,1,23.7,EDLITRWLIT,1,BFMIS2014374024,2014,MIS,2014,231233090,BF,,Burkina Faso,I,374024,Region,ED_LITR_W_LIT,1374024,Sud-Ouest,,574.0,303.0,,0,0,1,BFA,DHS
802892,BF2017MIS,Women with no education,1,31.9,EDEDUCWNED,1,BFMIS2017374010,2017-18,MIS,2017,231203010,BF,,Burkina Faso,I,374010,Region,ED_EDUC_W_NED,1374010,Centre (including Ouagadougou),,626.0,787.0,,0,0,1,BFA,DHS
7720160,BF2017MIS,Women with no education,1,26.4,EDEDUCWNED,1,BFMIS2017374011,2017-18,MIS,2017,231203010,BF,,Burkina Faso,I,374011,Region,ED_EDUC_W_NED,1374011,Ouagadougou,,504.0,673.0,,0,0,,BFA,DHS
5448958,BF2017MIS,Women with no education,1,71.5,EDEDUCWNED,1,BFMIS2017374012,2017-18,MIS,2017,231203010,BF,,Burkina Faso,I,374012,Region,ED_EDUC_W_NED,1374012,Boucle de Mouhoun,,645.0,795.0,,0,0,1,BFA,DHS
6743177,BF2017MIS,Women with no education,1,66.5,EDEDUCWNED,1,BFMIS2017374014,2017-18,MIS,2017,231203010,BF,,Burkina Faso,I,374014,Region,ED_EDUC_W_NED,1374014,Centre-Sud,,499.0,280.0,,0,0,1,BFA,DHS
3424667,BF2017MIS,Women with no education,1,69.3,EDEDUCWNED,1,BFMIS2017374015,2017-18,MIS,2017,231203010,BF,,Burkina Faso,I,374015,Region,ED_EDUC_W_NED,1374015,Plateau Central,,605.0,363.0,,0,0,1,BFA,DHS
7152794,BF2017MIS,Women with no education,1,71.0,EDEDUCWNED,1,BFMIS2017374016,2017-18,MIS,2017,231203010,BF,,Burkina Faso,I,374016,Region,ED_EDUC_W_NED,1374016,Centre-Est,,606.0,622.0,,0,0,1,BFA,DHS
5210667,BF2017MIS,Women with no education,1,74.1,EDEDUCWNED,1,BFMIS2017374017,2017-18,MIS,2017,231203010,BF,,Burkina Faso,I,374017,Region,ED_EDUC_W_NED,1374017,Centre-Nord,,651.0,642.0,,0,0,1,BFA,DHS
524349,BF2017MIS,Women with no education,1,54.6,EDEDUCWNED,1,BFMIS2017374018,2017-18,MIS,2017,231203010,BF,,Burkina Faso,I,374018,Region,ED_EDUC_W_NED,1374018,Centre-Ouest,,597.0,804.0,,0,0,1,BFA,DHS
2664166,BF2017MIS,Women with no education,1,81.9,EDEDUCWNED,1,BFMIS2017374019,2017-18,MIS,2017,231203010,BF,,Burkina Faso,I,374019,Region,ED_EDUC_W_NED,1374019,Est,,616.0,621.0,,0,0,1,BFA,DHS
76296,BF2017MIS,Women with no education,1,67.8,EDEDUCWNED,1,BFMIS2017374020,2017-18,MIS,2017,231203010,BF,,Burkina Faso,I,374020,Region,ED_EDUC_W_NED,1374020,Nord,,599.0,596.0,,0,0,1,BFA,DHS
3528462,BF2017MIS,Women with no education,1,65.9,EDEDUCWNED,1,BFMIS2017374021,2017-18,MIS,2017,231203010,BF,,Burkina Faso,I,374021,Region,ED_EDUC_W_NED,1374021,Cascades,,554.0,281.0,,0,0,1,BFA,DHS
7502016,BF2017MIS,Women with no education,1,61.5,EDEDUCWNED,1,BFMIS2017374022,2017-18,MIS,2017,231203010,BF,,Burkina Faso,I,374022,Region,ED_EDUC_W_NED,1374022,Hauts Bassins,,682.0,1014.0,,0,0,1,BFA,DHS
5996456,BF2017MIS,Women with no education,1,79.1,EDEDUCWNED,1,BFMIS2017374023,2017-18,MIS,2017,231203010,BF,,Burkina Faso,I,374023,Region,ED_EDUC_W_NED,1374023,Sahel,,311.0,479.0,,0,0,1,BFA,DHS
5760987,BF2017MIS,Women with no education,1,61.6,EDEDUCWNED,1,BFMIS2017374024,2017-18,MIS,2017,231203010,BF,,Burkina Faso,I,374024,Region,ED_EDUC_W_NED,1374024,Sud-Ouest,,637.0,342.0,,0,0,1,BFA,DHS
5334829,BF2017MIS,Women who are literate,1,63.5,EDLITRWLIT,1,BFMIS2017374010,2017-18,MIS,2017,231233090,BF,,Burkina Faso,I,374010,Region,ED_LITR_W_LIT,1374010,Centre (including Ouagadougou),,626.0,787.0,,0,0,1,BFA,DHS
7719375,BF2017MIS,Women who are literate,1,69.3,EDLITRWLIT,1,BFMIS2017374011,2017-18,MIS,2017,231233090,BF,,Burkina Faso,I,374011,Region,ED_LITR_W_LIT,1374011,Ouagadougou,,504.0,673.0,,0,0,,BFA,DHS
5729958,BF2017MIS,Women who are literate,1,24.9,EDLITRWLIT,1,BFMIS2017374012,2017-18,MIS,2017,231233090,BF,,Burkina Faso,I,374012,Region,ED_LITR_W_LIT,1374012,Boucle de Mouhoun,,645.0,795.0,,0,0,1,BFA,DHS
1874553,BF2017MIS,Women who are literate,1,28.8,EDLITRWLIT,1,BFMIS2017374014,2017-18,MIS,2017,231233090,BF,,Burkina Faso,I,374014,Region,ED_LITR_W_LIT,1374014,Centre-Sud,,499.0,280.0,,0,0,1,BFA,DHS
271926,BF2017MIS,Women who are literate,1,26.6,EDLITRWLIT,1,BFMIS2017374015,2017-18,MIS,2017,231233090,BF,,Burkina Faso,I,374015,Region,ED_LITR_W_LIT,1374015,Plateau Central,,605.0,363.0,,0,0,1,BFA,DHS
1874543,BF2017MIS,Women who are literate,1,23.9,EDLITRWLIT,1,BFMIS2017374016,2017-18,MIS,2017,231233090,BF,,Burkina Faso,I,374016,Region,ED_LITR_W_LIT,1374016,Centre-Est,,606.0,622.0,,0,0,1,BFA,DHS
6263092,BF2017MIS,Women who are literate,1,23.3,EDLITRWLIT,1,BFMIS2017374017,2017-18,MIS,2017,231233090,BF,,Burkina Faso,I,374017,Region,ED_LITR_W_LIT,1374017,Centre-Nord,,651.0,642.0,,0,0,1,BFA,DHS
2890622,BF2017MIS,Women who are literate,1,41.1,EDLITRWLIT,1,BFMIS2017374018,2017-18,MIS,2017,231233090,BF,,Burkina Faso,I,374018,Region,ED_LITR_W_LIT,1374018,Centre-Ouest,,597.0,804.0,,0,0,1,BFA,DHS
6498635,BF2017MIS,Women who are literate,1,14.8,EDLITRWLIT,1,BFMIS2017374019,2017-18,MIS,2017,231233090,BF,,Burkina Faso,I,374019,Region,ED_LITR_W_LIT,1374019,Est,,616.0,621.0,,0,0,1,BFA,DHS
5204980,BF2017MIS,Women who are literate,1,26.7,EDLITRWLIT,1,BFMIS2017374020,2017-18,MIS,2017,231233090,BF,,Burkina Faso,I,374020,Region,ED_LITR_W_LIT,1374020,Nord,,599.0,596.0,,0,0,1,BFA,DHS
5078971,BF2017MIS,Women who are literate,1,30.2,EDLITRWLIT,1,BFMIS2017374021,2017-18,MIS,2017,231233090,BF,,Burkina Faso,I,374021,Region,ED_LITR_W_LIT,1374021,Cascades,,554.0,281.0,,0,0,1,BFA,DHS
7503059,BF2017MIS,Women who are literate,1,29.4,EDLITRWLIT,1,BFMIS2017374022,2017-18,MIS,2017,231233090,BF,,Burkina Faso,I,374022,Region,ED_LITR_W_LIT,1374022,Hauts Bassins,,682.0,1014.0,,0,0,1,BFA,DHS
4487699,BF2017MIS,Women who are literate,1,17.8,EDLITRWLIT,1,BFMIS2017374023,2017-18,MIS,2017,231233090,BF,,Burkina Faso,I,374023,Region,ED_LITR_W_LIT,1374023,Sahel,,311.0,479.0,,0,0,1,BFA,DHS
3601391,BF2017MIS,Women who are literate,1,36.9,EDLITRWLIT,1,BFMIS2017374024,2017-18,MIS,2017,231233090,BF,,Burkina Faso,I,374024,Region,ED_LITR_W_LIT,1374024,Sud-Ouest,,637.0,342.0,,0,0,1,BFA,DHS
6436171,BF2021DHS,Women with no education,1,31.2,EDEDUCWNED,1,BFDHS2021374010,2021,DHS,2021,231203010,BF,,Burkina Faso,I,374010,Region,ED_EDUC_W_NED,1374010,Centre (including Ouagadougou),,2102.0,3550.0,,0,0,1,BFA,DHS
4080288,BF2021DHS,Women with no education,1,28.3,EDEDUCWNED,1,BFDHS2021374011,2021,DHS,2021,231203010,BF,,Burkina Faso,I,374011,Region,ED_EDUC_W_NED,1374011,Ouagadougou,,1554.0,2785.0,,0,0,,BFA,DHS
7426791,BF2021DHS,Women with no education,1,65.4,EDEDUCWNED,1,BFDHS2021374012,2021,DHS,2021,231203010,BF,,Burkina Faso,I,374012,Region,ED_EDUC_W_NED,1374012,Boucle de Mouhoun,,1490.0,1713.0,,0,0,1,BFA,DHS
2749939,BF2021DHS,Women with no education,1,60.5,EDEDUCWNED,1,BFDHS2021374014,2021,DHS,2021,231203010,BF,,Burkina Faso,I,374014,Region,ED_EDUC_W_NED,1374014,Centre-Sud,,1137.0,761.0,,0,0,1,BFA,DHS
553273,BF2021DHS,Women with no education,1,62.6,EDEDUCWNED,1,BFDHS2021374015,2021,DHS,2021,231203010,BF,,Burkina Faso,I,374015,Region,ED_EDUC_W_NED,1374015,Plateau Central,,1457.0,1059.0,,0,0,1,BFA,DHS
5030377,BF2021DHS,Women with no education,1,65.7,EDEDUCWNED,1,BFDHS2021374016,2021,DHS,2021,231203010,BF,,Burkina Faso,I,374016,Region,ED_EDUC_W_NED,1374016,Centre-Est,,1599.0,1742.0,,0,0,1,BFA,DHS
6291229,BF2021DHS,Women with no education,1,71.9,EDEDUCWNED,1,BFDHS2021374017,2021,DHS,2021,231203010,BF,,Burkina Faso,I,374017,Region,ED_EDUC_W_NED,1374017,Centre-Nord,,1167.0,1468.0,,0,0,1,BFA,DHS
4652499,BF2021DHS,Women with no education,1,61.8,EDEDUCWNED,1,BFDHS2021374018,2021,DHS,2021,231203010,BF,,Burkina Faso,I,374018,Region,ED_EDUC_W_NED,1374018,Centre-Ouest,,1605.0,1821.0,,0,0,1,BFA,DHS
6411016,BF2021DHS,Women with no education,1,75.4,EDEDUCWNED,1,BFDHS2021374019,2021,DHS,2021,231203010,BF,,Burkina Faso,I,374019,Region,ED_EDUC_W_NED,1374019,Est,,948.0,1153.0,,0,0,1,BFA,DHS
183500,BF2021DHS,Women with no education,1,67.6,EDEDUCWNED,1,BFDHS2021374020,2021,DHS,2021,231203010,BF,,Burkina Faso,I,374020,Region,ED_EDUC_W_NED,1374020,Nord,,1375.0,994.0,,0,0,1,BFA,DHS
2006143,BF2021DHS,Women with no education,1,59.6,EDEDUCWNED,1,BFDHS2021374021,2021,DHS,2021,231203010,BF,,Burkina Faso,I,374021,Region,ED_EDUC_W_NED,1374021,Cascades,,925.0,541.0,,0,0,1,BFA,DHS
400418,BF2021DHS,Women with no education,1,53.8,EDEDUCWNED,1,BFDHS2021374022,2021,DHS,2021,231203010,BF,,Burkina Faso,I,374022,Region,ED_EDUC_W_NED,1374022,Hauts Bassins,,1917.0,1802.0,,0,0,1,BFA,DHS
4129389,BF2021DHS,Women with no education,1,79.3,EDEDUCWNED,1,BFDHS2021374023,2021,DHS,2021,231203010,BF,,Burkina Faso,I,374023,Region,ED_EDUC_W_NED,1374023,Sahel,,618.0,451.0,,0,0,1,BFA,DHS
5766663,BF2021DHS,Women with no education,1,69.8,EDEDUCWNED,1,BFDHS2021374024,2021,DHS,2021,231203010,BF,,Burkina Faso,I,374024,Region,ED_EDUC_W_NED,1374024,Sud-Ouest,,1319.0,605.0,,0,0,1,BFA,DHS
5051065,BF2021DHS,Men with no education,1,26.9,EDEDUCMNED,1,BFDHS2021374010,2021,DHS,2021,231204140,BF,,Burkina Faso,I,374010,Region,ED_EDUC_M_NED,1374010,Centre (including Ouagadougou),,896.0,1547.0,,0,0,1,BFA,DHS
7183404,BF2021DHS,Men with no education,1,24.8,EDEDUCMNED,1,BFDHS2021374011,2021,DHS,2021,231204140,BF,,Burkina Faso,I,374011,Region,ED_EDUC_M_NED,1374011,Ouagadougou,,704.0,1255.0,,0,0,,BFA,DHS
4680223,BF2021DHS,Men with no education,1,50.7,EDEDUCMNED,1,BFDHS2021374012,2021,DHS,2021,231204140,BF,,Burkina Faso,I,374012,Region,ED_EDUC_M_NED,1374012,Boucle de Mouhoun,,668.0,751.0,,0,0,1,BFA,DHS
4263447,BF2021DHS,Men with no education,1,46.0,EDEDUCMNED,1,BFDHS2021374014,2021,DHS,2021,231204140,BF,,Burkina Faso,I,374014,Region,ED_EDUC_M_NED,1374014,Centre-Sud,,412.0,279.0,,0,0,1,BFA,DHS
5526077,BF2021DHS,Men with no education,1,53.1,EDEDUCMNED,1,BFDHS2021374015,2021,DHS,2021,231204140,BF,,Burkina Faso,I,374015,Region,ED_EDUC_M_NED,1374015,Plateau Central,,457.0,326.0,,0,0,1,BFA,DHS
685827,BF2021DHS,Men with no education,1,53.5,EDEDUCMNED,1,BFDHS2021374016,2021,DHS,2021,231204140,BF,,Burkina Faso,I,374016,Region,ED_EDUC_M_NED,1374016,Centre-Est,,537.0,575.0,,0,0,1,BFA,DHS
1982786,BF2021DHS,Men with no education,1,53.8,EDEDUCMNED,1,BFDHS2021374017,2021,DHS,2021,231204140,BF,,Burkina Faso,I,374017,Region,ED_EDUC_M_NED,1374017,Centre-Nord,,425.0,494.0,,0,0,1,BFA,DHS
5691787,BF2021DHS,Men with no education,1,44.7,EDEDUCMNED,1,BFDHS2021374018,2021,DHS,2021,231204140,BF,,Burkina Faso,I,374018,Region,ED_EDUC_M_NED,1374018,Centre-Ouest,,638.0,725.0,,0,0,1,BFA,DHS
4620957,BF2021DHS,Men with no education,1,64.4,EDEDUCMNED,1,BFDHS2021374019,2021,DHS,2021,231204140,BF,,Burkina Faso,I,374019,Region,ED_EDUC_M_NED,1374019,Est,,372.0,424.0,,0,0,1,BFA,DHS
4864649,BF2021DHS,Men with no education,1,52.2,EDEDUCMNED,1,BFDHS2021374020,2021,DHS,2021,231204140,BF,,Burkina Faso,I,374020,Region,ED_EDUC_M_NED,1374020,Nord,,460.0,324.0,,0,0,1,BFA,DHS
2006184,BF2021DHS,Men with no education,1,38.7,EDEDUCMNED,1,BFDHS2021374021,2021,DHS,2021,231204140,BF,,Burkina Faso,I,374021,Region,ED_EDUC_M_NED,1374021,Cascades,,408.0,235.0,,0,0,1,BFA,DHS
5419849,BF2021DHS,Men with no education,1,37.2,EDEDUCMNED,1,BFDHS2021374022,2021,DHS,2021,231204140,BF,,Burkina Faso,I,374022,Region,ED_EDUC_M_NED,1374022,Hauts Bassins,,804.0,749.0,,0,0,1,BFA,DHS
6071533,BF2021DHS,Men with no education,1,77.8,EDEDUCMNED,1,BFDHS2021374023,2021,DHS,2021,231204140,BF,,Burkina Faso,I,374023,Region,ED_EDUC_M_NED,1374023,Sahel,,253.0,205.0,,0,0,1,BFA,DHS
3138165,BF2021DHS,Men with no education,1,57.7,EDEDUCMNED,1,BFDHS2021374024,2021,DHS,2021,231204140,BF,,Burkina Faso,I,374024,Region,ED_EDUC_M_NED,1374024,Sud-Ouest,,561.0,253.0,,0,0,1,BFA,DHS
4938601,BF2021DHS,Women who are literate,1,65.7,EDLITRWLIT,1,BFDHS2021374010,2021,DHS,2021,231233090,BF,,Burkina Faso,I,374010,Region,ED_LITR_W_LIT,1374010,Centre (including Ouagadougou),,2102.0,3550.0,,0,0,1,BFA,DHS
1991347,BF2021DHS,Women who are literate,1,68.5,EDLITRWLIT,1,BFDHS2021374011,2021,DHS,2021,231233090,BF,,Burkina Faso,I,374011,Region,ED_LITR_W_LIT,1374011,Ouagadougou,,1554.0,2785.0,,0,0,,BFA,DHS
5429118,BF2021DHS,Women who are literate,1,32.8,EDLITRWLIT,1,BFDHS2021374012,2021,DHS,2021,231233090,BF,,Burkina Faso,I,374012,Region,ED_LITR_W_LIT,1374012,Boucle de Mouhoun,,1490.0,1713.0,,0,0,1,BFA,DHS
3137506,BF2021DHS,Women who are literate,1,35.9,EDLITRWLIT,1,BFDHS2021374014,2021,DHS,2021,231233090,BF,,Burkina Faso,I,374014,Region,ED_LITR_W_LIT,1374014,Centre-Sud,,1137.0,761.0,,0,0,1,BFA,DHS
6525561,BF2021DHS,Women who are literate,1,30.0,EDLITRWLIT,1,BFDHS2021374015,2021,DHS,2021,231233090,BF,,Burkina Faso,I,374015,Region,ED_LITR_W_LIT,1374015,Plateau Central,,1457.0,1059.0,,0,0,1,BFA,DHS
4019800,BF2021DHS,Women who are literate,1,29.1,EDLITRWLIT,1,BFDHS2021374016,2021,DHS,2021,231233090,BF,,Burkina Faso,I,374016,Region,ED_LITR_W_LIT,1374016,Centre-Est,,1599.0,1742.0,,0,0,1,BFA,DHS
6817654,BF2021DHS,Women who are literate,1,25.7,EDLITRWLIT,1,BFDHS2021374017,2021,DHS,2021,231233090,BF,,Burkina Faso,I,374017,Region,ED_LITR_W_LIT,1374017,Centre-Nord,,1167.0,1468.0,,0,0,1,BFA,DHS
3793066,BF2021DHS,Women who are literate,1,36.3,EDLITRWLIT,1,BFDHS2021374018,2021,DHS,2021,231233090,BF,,Burkina Faso,I,374018,Region,ED_LITR_W_LIT,1374018,Centre-Ouest,,1605.0,1821.0,,0,0,1,BFA,DHS
2979976,BF2021DHS,Women who are literate,1,26.1,EDLITRWLIT,1,BFDHS2021374019,2021,DHS,2021,231233090,BF,,Burkina Faso,I,374019,Region,ED_LITR_W_LIT,1374019,Est,,948.0,1153.0,,0,0,1,BFA,DHS
7197529,BF2021DHS,Women who are literate,1,29.8,EDLITRWLIT,1,BFDHS2021374020,2021,DHS,2021,231233090,BF,,Burkina Faso,I,374020,Region,ED_LITR_W_LIT,1374020,Nord,,1375.0,994.0,,0,0,1,BFA,DHS
2916943,BF2021DHS,Women who are literate,1,38.0,EDLITRWLIT,1,BFDHS2021374021,2021,DHS,2021,231233090,BF,,Burkina Faso,I,374021,Region,ED_LITR_W_LIT,1374021,Cascades,,925.0,541.0,,0,0,1,BFA,DHS
6588593,BF2021DHS,Women who are literate,1,40.0,EDLITRWLIT,1,BFDHS2021374022,2021,DHS,2021,231233090,BF,,Burkina Faso,I,374022,Region,ED_LITR_W_LIT,1374022,Hauts Bassins,,1917.0,1802.0,,0,0,1,BFA,DHS
3866780,BF2021DHS,Women who are literate,1,19.9,EDLITRWLIT,1,BFDHS2021374023,2021,DHS,2021,231233090,BF,,Burkina Faso,I,374023,Region,ED_LITR_W_LIT,1374023,Sahel,,618.0,451.0,,0,0,1,BFA,DHS
5408377,BF2021DHS,Women who are literate,1,29.3,EDLITRWLIT,1,BFDHS2021374024,2021,DHS,2021,231233090,BF,,Burkina Faso,I,374024,Region,ED_LITR_W_LIT,1374024,Sud-Ouest,,1319.0,605.0,,0,0,1,BFA,DHS
1982922,BF2021DHS,Men who are literate,1,70.9,EDLITRMLIT,1,BFDHS2021374010,2021,DHS,2021,231234200,BF,,Burkina Faso,I,374010,Region,ED_LITR_M_LIT,1374010,Centre (including Ouagadougou),,896.0,1547.0,,0,0,1,BFA,DHS
5342426,BF2021DHS,Men who are literate,1,72.8,EDLITRMLIT,1,BFDHS2021374011,2021,DHS,2021,231234200,BF,,Burkina Faso,I,374011,Region,ED_LITR_M_LIT,1374011,Ouagadougou,,704.0,1255.0,,0,0,,BFA,DHS
5941782,BF2021DHS,Men who are literate,1,44.6,EDLITRMLIT,1,BFDHS2021374012,2021,DHS,2021,231234200,BF,,Burkina Faso,I,374012,Region,ED_LITR_M_LIT,1374012,Boucle de Mouhoun,,668.0,751.0,,0,0,1,BFA,DHS
6542526,BF2021DHS,Men who are literate,1,53.9,EDLITRMLIT,1,BFDHS2021374014,2021,DHS,2021,231234200,BF,,Burkina Faso,I,374014,Region,ED_LITR_M_LIT,1374014,Centre-Sud,,412.0,279.0,,0,0,1,BFA,DHS
322595,BF2021DHS,Men who are literate,1,43.2,EDLITRMLIT,1,BFDHS2021374015,2021,DHS,2021,231234200,BF,,Burkina Faso,I,374015,Region,ED_LITR_M_LIT,1374015,Plateau Central,,457.0,326.0,,0,0,1,BFA,DHS
5397875,BF2021DHS,Men who are literate,1,46.0,EDLITRMLIT,1,BFDHS2021374016,2021,DHS,2021,231234200,BF,,Burkina Faso,I,374016,Region,ED_LITR_M_LIT,1374016,Centre-Est,,537.0,575.0,,0,0,1,BFA,DHS
2795176,BF2021DHS,Men who are literate,1,44.6,EDLITRMLIT,1,BFDHS2021374017,2021,DHS,2021,231234200,BF,,Burkina Faso,I,374017,Region,ED_LITR_M_LIT,1374017,Centre-Nord,,425.0,494.0,,0,0,1,BFA,DHS
4285710,BF2021DHS,Men who are literate,1,52.7,EDLITRMLIT,1,BFDHS2021374018,2021,DHS,2021,231234200,BF,,Burkina Faso,I,374018,Region,ED_LITR_M_LIT,1374018,Centre-Ouest,,638.0,725.0,,0,0,1,BFA,DHS
5802068,BF2021DHS,Men who are literate,1,35.8,EDLITRMLIT,1,BFDHS2021374019,2021,DHS,2021,231234200,BF,,Burkina Faso,I,374019,Region,ED_LITR_M_LIT,1374019,Est,,372.0,424.0,,0,0,1,BFA,DHS
109053,BF2021DHS,Men who are literate,1,43.0,EDLITRMLIT,1,BFDHS2021374020,2021,DHS,2021,231234200,BF,,Burkina Faso,I,374020,Region,ED_LITR_M_LIT,1374020,Nord,,460.0,324.0,,0,0,1,BFA,DHS
5320767,BF2021DHS,Men who are literate,1,58.0,EDLITRMLIT,1,BFDHS2021374021,2021,DHS,2021,231234200,BF,,Burkina Faso,I,374021,Region,ED_LITR_M_LIT,1374021,Cascades,,408.0,235.0,,0,0,1,BFA,DHS
1999739,BF2021DHS,Men who are literate,1,56.2,EDLITRMLIT,1,BFDHS2021374022,2021,DHS,2021,231234200,BF,,Burkina Faso,I,374022,Region,ED_LITR_M_LIT,1374022,Hauts Bassins,,804.0,749.0,,0,0,1,BFA,DHS
7053266,BF2021DHS,Men who are literate,1,21.3,EDLITRMLIT,1,BFDHS2021374023,2021,DHS,2021,231234200,BF,,Burkina Faso,I,374023,Region,ED_LITR_M_LIT,1374023,Sahel,,253.0,205.0,,0,0,1,BFA,DHS
6036723,BF2021DHS,Men who are literate,1,38.7,EDLITRMLIT,1,BFDHS2021374024,2021,DHS,2021,231234200,BF,,Burkina Faso,I,374024,Region,ED_LITR_M_LIT,1374024,Sud-Ouest,,561.0,253.0,,0,0,1,BFA,DHS
